{
    "cakes": {
        "59fc7d6c3fa54b0401953f10": {
        "name": "Birthday Cake",
        "comment": "Too chocolatey",
        "imageUrl": "http://namebirthdaycakes.net/img/happy-birthday-chocolate-cake-with-name/5.jpg",
        "yumFactor": 2
    },
        "59fc878a3fa54b0401953f11": {
        "name": "Uber Choco",
        "comment": "Lots of chocolate",
        "imageUrl": "https://www.bbcgoodfood.com/sites/default/files/styles/recipe/public/recipe_images/recipe-image-legacy-id--1043451_11.jpg?itok=Z_w2WOYB",
        "yumFactor": 3
    },
        "59fc87c93fa54b0401953f12": {
        "name": "And again",
        "comment": "Cake again.",
        "imageUrl": "https://www.bbcgoodfood.com/sites/default/files/styles/recipe/public/recipe_images/recipe-image-legacy-id--1043451_11.jpg?itok=Z_w2WOYB",
        "yumFactor": 1
    },
        "59fc89b23fa54b0401953f14": {
        "name": "Purple cake",
        "comment": "purple or blue?",
        "imageUrl": "https://i.pinimg.com/736x/22/13/4e/22134ead6ba75a1fc512c7874c245258--pastel-cakes-purple-cakes.jpg",
        "yumFactor": 1
    },
        "59fc90e63fa54b0401953f16": {
        "name": "Black Forrest",
        "comment": "What is black forrest cake, anway?",
        "imageUrl": "https://livforcake.com/wp-content/uploads/2017/07/black-forest-cake-6.jpg",
        "yumFactor": 3
    },
        "59fc91c83fa54b0401953f17": {
        "name": "Chocolate Layer",
        "comment": "",
        "imageUrl": "http://www.primrose-bakery.co.uk/shop/content/images/thumbs/0000362_chocolate-layer-cake.jpeg",
        "yumFactor": 4
    },
        "59fc93623fa54b0401953f18": {
        "name": "New Cake",
        "comment": "Some comment",
        "imageUrl": "http://www.primrose-bakery.co.uk/shop/content/images/thumbs/0000362_chocolate-layer-cake.jpeg",
        "yumFactor": 2
    },
        "59fca5d93fa54b0401953f19": {
        "name": "Sponge",
        "comment": "Sponge cake.",
        "imageUrl": "https://www.bbcgoodfood.com/sites/default/files/styles/category_retina/public/recipe-collections/collection-image/2013/05/rosewater-raspberry-sponge-cake.jpg?itok=OVpUSQm9",
        "yumFactor": 4
    },
        "59fca7123fa54b0401953f1a": {
        "name": "More black forrest",
        "comment": "Still don't know what black forrest is.",
        "imageUrl": "http://www.flowerfaridabad.com/wp-content/uploads/2017/07/FZC050.jpg",
        "yumFactor": 3
    },
        "59fd9fbe3fa54b0401953f1b": {
        "name": "Ice Cream",
        "comment": "Got to keep it cold, otherwise good.",
        "imageUrl": "https://assets.marthastewart.com/styles/wmax-1500/d32/blondie-ice-cream-cake-103018835/blondie-ice-cream-cake-103018835_horiz.jpg",
        "yumFactor": 4
    },
        "5a01b6d63fa54b0401953f20": {
        "name": "cake",
        "comment": "I like it quite a lot",
        "imageUrl": "https://i.imgur.com/TZXj2lt.png",
        "yumFactor": 1
    },
        "5a140b603fa54b0401953f38": {
        "name": "Choco Cake",
        "comment": "Who doesn't love chocolate?",
        "imageUrl": "http://img.taste.com.au/-l6L5bYJ/w720-h480-cfill-q80/taste/2016/11/homemade-chocolate-cake-85524-1.jpeg",
        "yumFactor": 4
    },
        "5a140bd93fa54b0401953f39": {
        "name": "Choco2",
        "comment": "More cake",
        "imageUrl": "http://img.taste.com.au/-l6L5bYJ/w720-h480-cfill-q80/taste/2016/11/homemade-chocolate-cake-85524-1.jpeg",
        "yumFactor": 5
    },
        "5a1c20b73fa54b0401953f48": {
        "name": "new cake",
        "comment": "Bitter",
        "imageUrl": "https://www.bbcgoodfood.com/sites/default/files/styles/category_retina/public/cherrycake_0.jpg?itok=IwvfZchz",
        "yumFactor": 1
    },
        "5a1c20fe3fa54b0401953f49": {
        "name": "new cake - new",
        "comment": "Bitter",
        "imageUrl": "https://www.bbcgoodfood.com/sites/default/files/styles/category_retina/public/cherrycake_0.jpg?itok=IwvfZchz",
        "yumFactor": 1
    },
        "5a1d450b3fa54b0401953f4a": {
        "name": "tetw",
        "comment": "dsfsf",
        "imageUrl": "https://upload.wikimedia.org/wikipedia/commons/thumb/b/b2/Red_Velvet_Cake_Waldorf_Astoria.jpg/320px-Red_Velvet_Cake_Waldorf_Astoria.jpg",
        "yumFactor": 3
    },
        "59b8d5d93fa54b0403770809": {
        "name": "Choclate Sprinkles",
        "comment": null,
        "imageUrl": "https://2.bp.blogspot.com/-zQMiGWCsJXg/VxgAq6ksEsI/AAAAAAACKAI/mcDNAzhELw4W_QgJ0herjSq9t_wq8CMMwCLcB/s1600/Birthday%2BCake.jpg",
        "yumFactor": 5
    },
        "59b8d6f73fa54b040377080b": {
        "name": "Another 1",
        "comment": null,
        "imageUrl": "https://i.pinimg.com/736x/b4/01/47/b40147865378fca69dfcdc883f7eeb4c--th-birthday-kids-birthday-cake-girls.jpg",
        "yumFactor": 0
    },
        "59f33f513fa54b0401953f04": {
        "name": "The best cake",
        "comment": "The final cake",
        "imageUrl": "http://izlesene.gq/uploads/thumbs/8314913f5-1.jpg",
        "yumFactor": 5
    },
        "59fc88063fa54b0401953f13": {
        "name": "Nice sponge",
        "comment": "Sponge is good",
        "imageUrl": "https://www.bbcgoodfood.com/sites/default/files/styles/category_retina/public/recipe-collections/collection-image/2013/05/rosewater-raspberry-sponge-cake.jpg?itok=OVpUSQm9",
        "yumFactor": 4
    },
        "5a1411b33fa54b0401953f3a": {
        "name": "Snowman Cake",
        "comment": "Snow!",
        "imageUrl": "https://www.bbcgoodfood.com/sites/default/files/styles/category_retina/public/recipe-collections/collection-image/2013/05/malted-milk-snowman-cake.jpg?itok=N8X9Ia2Y",
        "yumFactor": 5
    },
        "5a14baee3fa54b0401953f44": {
        "name": "Red Velvet",
        "comment": "This is a nice cake. Top marks",
        "imageUrl": "https://upload.wikimedia.org/wikipedia/commons/thumb/b/b2/Red_Velvet_Cake_Waldorf_Astoria.jpg/320px-Red_Velvet_Cake_Waldorf_Astoria.jpg",
        "yumFactor": 5
    },
        "5a14bb6f3fa54b0401953f45": {
        "name": "Red Velvet 2",
        "comment": "Another red velvet cake. Not as nice this time.",
        "imageUrl": "https://upload.wikimedia.org/wikipedia/commons/thumb/b/b2/Red_Velvet_Cake_Waldorf_Astoria.jpg/320px-Red_Velvet_Cake_Waldorf_Astoria.jpg",
        "yumFactor": 2
    }

    }
}